{
  "apps\\web\\middleware.ts": 1779182696.5443316,
  "apps\\web\\next-env.d.ts": 1779195275.0884378,
  "apps\\web\\tailwind.config.ts": 1779182696.5353348,
  "apps\\web\\src\\app\\layout.tsx": 1779182860.0504303,
  "apps\\web\\src\\app\\not-found.tsx": 1779182860.0520213,
  "apps\\web\\src\\app\\page.tsx": 1779182860.0514312,
  "apps\\web\\src\\app\\(protected-dashboard)\\dashboard\\layout.tsx": 1779184266.9800775,
  "apps\\web\\src\\app\\(protected-dashboard)\\dashboard\\appointments\\page.tsx": 1779182860.0560334,
  "apps\\web\\src\\app\\(protected-dashboard)\\dashboard\\customers\\page.tsx": 1779182860.057035,
  "apps\\web\\src\\app\\(protected-dashboard)\\dashboard\\debts\\page.tsx": 1779182860.058031,
  "apps\\web\\src\\app\\(protected-dashboard)\\dashboard\\notifications\\page.tsx": 1779182860.0590317,
  "apps\\web\\src\\app\\(protected-dashboard)\\dashboard\\settings\\page.tsx": 1779195012.646273,
  "apps\\web\\src\\app\\(protected-dashboard)\\dashboard\\today\\page.tsx": 1779182860.0550323,
  "apps\\web\\src\\app\\(public-dashboard)\\dashboard\\login\\page.tsx": 1779185392.3124604,
  "apps\\web\\src\\app\\(public-dashboard)\\dashboard\\register\\page.tsx": 1779185392.3113694,
  "apps\\web\\src\\app\\api\\auth\\[...all]\\route.ts": 1779182815.3684423,
  "apps\\web\\src\\app\\api\\health\\route.ts": 1779182815.3674397,
  "apps\\web\\src\\app\\api\\v1\\businesses\\route.ts": 1779183137.303382,
  "apps\\web\\src\\app\\api\\v1\\businesses\\[id]\\services\\route.ts": 1779194740.991284,
  "apps\\web\\src\\app\\api\\v1\\services\\[id]\\route.ts": 1779194740.9922233,
  "apps\\web\\src\\app\\[business]\\layout.tsx": 1779182860.0530324,
  "apps\\web\\src\\app\\[business]\\page.tsx": 1779182860.0530324,
  "apps\\web\\src\\components\\BottomNav.tsx": 1779185104.4479046,
  "apps\\web\\src\\components\\Input.tsx": 1779182815.3704433,
  "apps\\web\\src\\components\\LogoutButton.tsx": 1779182815.3724432,
  "apps\\web\\src\\components\\SubmitButton.tsx": 1779182815.369442,
  "apps\\web\\src\\lib\\auth.ts": 1779182696.5433323,
  "apps\\web\\src\\lib\\cn.ts": 1779194652.2259488,
  "apps\\web\\src\\lib\\db.ts": 1779182696.5413349,
  "apps\\web\\src\\lib\\env.ts": 1779183517.7636747,
  "apps\\web\\src\\lib\\format.ts": 1779194652.2259488,
  "apps\\web\\src\\lib\\redis.ts": 1779183682.5994656,
  "apps\\web\\src\\lib\\routing.ts": 1779183517.765684,
  "packages\\db\\src\\index.ts": 1779183072.352524,
  "packages\\shared\\src\\constants.ts": 1779182536.1745172,
  "packages\\shared\\src\\index.ts": 1779194652.2249467,
  "packages\\shared\\src\\api\\businesses.ts": 1779182536.175517,
  "packages\\shared\\src\\api\\services.ts": 1779194662.4069097,
  "CLAUDE_START_PROMPT.md": 1779178873.9832747,
  "README.md": 1779178720.0419152,
  "codex\\handoff-001.md": 1779181303.7024205,
  "codex\\handoff-002.md": 1779193545.5661056,
  "codex\\handoff-003.md": 1779194645.148711,
  "docs\\API.md": 1779195184.5723398,
  "docs\\ARCHITECTURE.md": 1779178779.213498,
  "docs\\CODEX_TASKS.md": 1779186009.6605952,
  "docs\\DESIGN.md": 1779194521.183175,
  "docs\\MASTER_VISION.md": 1779178753.3675144,
  "infra\\SETUP.md": 1779181138.5411525
}